Image_Name,Label
H_1.jpg,Healthy
H_10.jpg,Healthy
H_100.jpg,Healthy
H_101.jpg,Healthy
H_102.jpg,Healthy
H_103.jpg,Healthy
H_104.jpg,Healthy
H_105.jpg,Healthy
H_106.jpg,Healthy
H_107.jpg,Healthy
H_108.jpg,Healthy
H_109.jpg,Healthy
H_11.jpg,Healthy
H_110.jpg,Healthy
H_111.jpg,Healthy
H_112.jpg,Healthy
H_113.jpg,Healthy
H_114.jpg,Healthy
H_115.jpg,Healthy
H_116.jpg,Healthy
H_117.jpg,Healthy
H_118.jpg,Healthy
H_119.jpg,Healthy
H_12.jpg,Healthy
H_120.jpg,Healthy
H_121.jpg,Healthy
H_122.jpg,Healthy
H_123.jpg,Healthy
H_124.jpg,Healthy
H_125.jpg,Healthy
H_126.jpg,Healthy
H_127.jpg,Healthy
H_128.jpg,Healthy
H_129.jpg,Healthy
H_13.jpg,Healthy
H_130.jpg,Healthy
H_131.jpg,Healthy
H_132.jpg,Healthy
H_133.jpg,Healthy
H_134.jpg,Healthy
H_135.jpg,Healthy
H_136.jpg,Healthy
H_137.jpg,Healthy
H_138.jpg,Healthy
H_139.jpg,Healthy
H_14.jpg,Healthy
H_140.jpg,Healthy
H_141.jpg,Healthy
H_142.jpg,Healthy
H_143.jpg,Healthy
H_144.jpg,Healthy
H_145.jpg,Healthy
H_146.jpg,Healthy
H_147.jpg,Healthy
H_148.jpg,Healthy
H_149.jpg,Healthy
H_15.jpg,Healthy
H_150.jpg,Healthy
H_151.jpg,Healthy
H_152.jpg,Healthy
H_153.jpg,Healthy
H_154.jpg,Healthy
H_155.jpg,Healthy
H_156.jpg,Healthy
H_157.jpg,Healthy
H_158.jpg,Healthy
H_159.jpg,Healthy
H_16.jpg,Healthy
H_160.jpg,Healthy
H_161.jpg,Healthy
H_162.jpg,Healthy
H_163.jpg,Healthy
H_164.jpg,Healthy
H_165.jpg,Healthy
H_166.jpg,Healthy
H_167.jpg,Healthy
H_168.jpg,Healthy
H_169.jpg,Healthy
H_17.jpg,Healthy
H_170.jpg,Healthy
H_171.jpg,Healthy
H_172.jpg,Healthy
H_173.jpg,Healthy
H_174.jpg,Healthy
H_175.jpg,Healthy
H_176.jpg,Healthy
H_177.jpg,Healthy
H_178.jpg,Healthy
H_179.jpg,Healthy
H_18.jpg,Healthy
H_180.jpg,Healthy
H_181.jpg,Healthy
H_182.jpg,Healthy
H_183.jpg,Healthy
H_184.jpg,Healthy
H_185.jpg,Healthy
H_186.jpg,Healthy
H_187.jpg,Healthy
H_188.jpg,Healthy
H_189.jpg,Healthy
H_19.jpg,Healthy
H_190.jpg,Healthy
H_191.jpg,Healthy
H_192.jpg,Healthy
H_193.jpg,Healthy
H_194.jpg,Healthy
H_195.jpg,Healthy
H_196.jpg,Healthy
H_197.jpg,Healthy
H_198.jpg,Healthy
H_199.jpg,Healthy
H_2.jpg,Healthy
H_20.jpg,Healthy
H_200.jpg,Healthy
H_201.jpg,Healthy
H_202.jpg,Healthy
H_204.jpg,Healthy
H_205.jpg,Healthy
H_206.jpg,Healthy
H_207.jpg,Healthy
H_208.jpg,Healthy
H_209.jpg,Healthy
H_21.jpg,Healthy
H_210.jpg,Healthy
H_211.jpg,Healthy
H_212.jpg,Healthy
H_213.jpg,Healthy
H_22.jpg,Healthy
H_23.jpg,Healthy
H_235.jpg,Healthy
H_236.jpg,Healthy
H_237.jpg,Healthy
H_238.jpg,Healthy
H_239.jpg,Healthy
H_24.jpg,Healthy
H_240.jpg,Healthy
H_241.jpg,Healthy
H_242.jpg,Healthy
H_243.jpg,Healthy
H_244.jpg,Healthy
H_245.jpg,Healthy
H_246.jpg,Healthy
H_247.jpg,Healthy
H_249.jpg,Healthy
H_25.jpg,Healthy
H_250.jpg,Healthy
H_251.jpg,Healthy
H_252.jpg,Healthy
H_253.jpg,Healthy
H_255.jpg,Healthy
H_256.jpg,Healthy
H_257.jpg,Healthy
H_258.jpg,Healthy
H_259.jpg,Healthy
H_26.jpg,Healthy
H_260.jpg,Healthy
H_261.jpg,Healthy
H_262.jpg,Healthy
H_263.jpg,Healthy
H_264.jpg,Healthy
H_265.jpg,Healthy
H_266.jpg,Healthy
H_267.jpg,Healthy
H_268.jpg,Healthy
H_269.jpg,Healthy
H_27.jpg,Healthy
H_270.jpg,Healthy
H_271.jpg,Healthy
H_272.jpg,Healthy
H_273.jpg,Healthy
H_274.jpg,Healthy
H_275.jpg,Healthy
H_276.jpg,Healthy
H_277.jpg,Healthy
H_278.jpg,Healthy
H_279.jpg,Healthy
H_28.jpg,Healthy
H_280.jpg,Healthy
H_281.jpg,Healthy
H_282.jpg,Healthy
H_283.jpg,Healthy
H_285.jpg,Healthy
H_286.jpg,Healthy
H_287.jpg,Healthy
H_288.jpg,Healthy
H_289.jpg,Healthy
H_29.jpg,Healthy
H_290.jpg,Healthy
H_291.jpg,Healthy
H_292.jpg,Healthy
H_293.jpg,Healthy
H_294.jpg,Healthy
H_295.jpg,Healthy
H_296.jpg,Healthy
H_297.jpg,Healthy
H_298.jpg,Healthy
H_299.jpg,Healthy
H_3.jpg,Healthy
H_30.jpg,Healthy
H_300.jpg,Healthy
H_301.jpg,Healthy
H_302.jpg,Healthy
H_303.jpg,Healthy
H_304.jpg,Healthy
H_305.jpg,Healthy
H_306.jpg,Healthy
H_307.jpg,Healthy
H_308.jpg,Healthy
H_309.jpg,Healthy
H_31.jpg,Healthy
H_310.jpg,Healthy
H_311.jpg,Healthy
H_312.jpg,Healthy
H_313.jpg,Healthy
H_314.jpg,Healthy
H_315.jpg,Healthy
H_316.jpg,Healthy
H_317.jpg,Healthy
H_318.jpg,Healthy
H_319.jpg,Healthy
H_32.jpg,Healthy
H_320.jpg,Healthy
H_321.jpg,Healthy
H_322.jpg,Healthy
H_323.jpg,Healthy
H_324.jpg,Healthy
H_325.jpg,Healthy
H_326.jpg,Healthy
H_327.jpg,Healthy
H_328.jpg,Healthy
H_329.jpg,Healthy
H_33.jpg,Healthy
H_330.jpg,Healthy
H_331.jpg,Healthy
H_332.jpg,Healthy
H_333.jpg,Healthy
H_334.jpg,Healthy
H_335.jpg,Healthy
H_336.jpg,Healthy
H_337.jpg,Healthy
H_338.jpg,Healthy
H_339.jpg,Healthy
H_34.jpg,Healthy
H_340.jpg,Healthy
H_341.jpg,Healthy
H_342.jpg,Healthy
H_343.jpg,Healthy
H_344.jpg,Healthy
H_345.jpg,Healthy
H_346.jpg,Healthy
H_347.jpg,Healthy
H_348.jpg,Healthy
H_349.jpg,Healthy
H_35.jpg,Healthy
H_350.jpg,Healthy
H_351.jpg,Healthy
H_352.jpg,Healthy
H_353.jpg,Healthy
H_354.jpg,Healthy
H_355.jpg,Healthy
H_356.jpg,Healthy
H_357.jpg,Healthy
H_358.jpg,Healthy
H_359.jpg,Healthy
H_36.jpg,Healthy
H_360.jpg,Healthy
H_361.jpg,Healthy
H_362.jpg,Healthy
H_363.jpg,Healthy
H_364.jpg,Healthy
H_365.jpg,Healthy
H_366.jpg,Healthy
H_367.jpg,Healthy
H_368.jpg,Healthy
H_369.jpg,Healthy
H_37.jpg,Healthy
H_370.jpg,Healthy
H_371.jpg,Healthy
H_372.jpg,Healthy
H_373.jpg,Healthy
H_374.jpg,Healthy
H_375.jpg,Healthy
H_376.jpg,Healthy
H_377.jpg,Healthy
H_378.jpg,Healthy
H_379.jpg,Healthy
H_38.jpg,Healthy
H_380.jpg,Healthy
H_381.jpg,Healthy
H_382.jpg,Healthy
H_383.jpg,Healthy
H_384.jpg,Healthy
H_385.jpg,Healthy
H_386.jpg,Healthy
H_387.jpg,Healthy
H_388.jpg,Healthy
H_389.jpg,Healthy
H_39.jpg,Healthy
H_390.jpg,Healthy
H_391.jpg,Healthy
H_392.jpg,Healthy
H_394.jpg,Healthy
H_395.jpg,Healthy
H_396.jpg,Healthy
H_397.jpg,Healthy
H_398.jpg,Healthy
H_399.jpg,Healthy
H_4.jpg,Healthy
H_400.jpg,Healthy
H_402.jpg,Healthy
H_403.jpg,Healthy
H_404.jpg,Healthy
H_405.jpg,Healthy
H_406.jpg,Healthy
H_407.jpg,Healthy
H_408.jpg,Healthy
H_409.jpg,Healthy
H_41.jpg,Healthy
H_410.jpg,Healthy
H_411.jpg,Healthy
H_412.jpg,Healthy
H_413.jpg,Healthy
H_414.jpg,Healthy
H_415.jpg,Healthy
H_416.jpg,Healthy
H_417.jpg,Healthy
H_418.jpg,Healthy
H_419.jpg,Healthy
H_42.jpg,Healthy
H_420.jpg,Healthy
H_421.jpg,Healthy
H_422.jpg,Healthy
H_424.jpg,Healthy
H_425.jpg,Healthy
H_426.jpg,Healthy
H_427.jpg,Healthy
H_428.jpg,Healthy
H_429.jpg,Healthy
H_43.jpg,Healthy
H_430.jpg,Healthy
H_431.jpg,Healthy
H_432.jpg,Healthy
H_433.jpg,Healthy
H_434.jpg,Healthy
H_435.jpg,Healthy
H_436.jpg,Healthy
H_437.jpg,Healthy
H_438.jpg,Healthy
H_439.jpg,Healthy
H_44.jpg,Healthy
H_440.jpg,Healthy
H_441.jpg,Healthy
H_442.jpg,Healthy
H_443.jpg,Healthy
H_444.jpg,Healthy
H_445.jpg,Healthy
H_446.jpg,Healthy
H_447.jpg,Healthy
H_448.jpg,Healthy
H_449.jpg,Healthy
H_45.jpg,Healthy
H_450.jpg,Healthy
H_451.jpg,Healthy
H_452.jpg,Healthy
H_453.jpg,Healthy
H_454.jpg,Healthy
H_455.jpg,Healthy
H_456.jpg,Healthy
H_457.jpg,Healthy
H_458.jpg,Healthy
H_459.jpg,Healthy
H_46.jpg,Healthy
H_460.jpg,Healthy
H_461.jpg,Healthy
H_462.jpg,Healthy
H_463.jpg,Healthy
H_464.jpg,Healthy
H_465.jpg,Healthy
H_466.jpg,Healthy
H_467.jpg,Healthy
H_468.jpg,Healthy
H_469.jpg,Healthy
H_47.jpg,Healthy
H_470.jpg,Healthy
H_471.jpg,Healthy
H_472.jpg,Healthy
H_473.jpg,Healthy
H_474.jpg,Healthy
H_475.jpg,Healthy
H_476.jpg,Healthy
H_477.jpg,Healthy
H_478.jpg,Healthy
H_479.jpg,Healthy
H_48.jpg,Healthy
H_480.jpg,Healthy
H_481.jpg,Healthy
H_482.jpg,Healthy
H_483.jpg,Healthy
H_484.jpg,Healthy
H_485.jpg,Healthy
H_49.jpg,Healthy
H_5.jpg,Healthy
H_50.jpg,Healthy
H_51.jpg,Healthy
H_52.jpg,Healthy
H_528.jpg,Healthy
H_529.jpg,Healthy
H_53.jpg,Healthy
H_530.jpg,Healthy
H_531.jpg,Healthy
H_532.jpg,Healthy
H_533.jpg,Healthy
H_534.jpg,Healthy
H_535.jpg,Healthy
H_536.jpg,Healthy
H_537.jpg,Healthy
H_538.jpg,Healthy
H_539.jpg,Healthy
H_54.jpg,Healthy
H_540.jpg,Healthy
H_541.jpg,Healthy
H_542.jpg,Healthy
H_543.jpg,Healthy
H_544.jpg,Healthy
H_545.jpg,Healthy
H_546.jpg,Healthy
H_547.jpg,Healthy
H_548.jpg,Healthy
H_549.jpg,Healthy
H_55.jpg,Healthy
H_550.jpg,Healthy
H_551.jpg,Healthy
H_552.jpg,Healthy
H_553.jpg,Healthy
H_554.jpg,Healthy
H_555.jpg,Healthy
H_556.jpg,Healthy
H_557.jpg,Healthy
H_558.jpg,Healthy
H_559.jpg,Healthy
H_56.jpg,Healthy
H_560.jpg,Healthy
H_561.jpg,Healthy
H_562.jpg,Healthy
H_563.jpg,Healthy
H_564.jpg,Healthy
H_565.jpg,Healthy
H_566.jpg,Healthy
H_567.jpg,Healthy
H_568.jpg,Healthy
H_569.jpg,Healthy
H_57.jpg,Healthy
H_570.jpg,Healthy
H_571.jpg,Healthy
H_572.jpg,Healthy
H_573.jpg,Healthy
H_574.jpg,Healthy
H_575.jpg,Healthy
H_576.jpg,Healthy
H_577.jpg,Healthy
H_578.jpg,Healthy
H_579.jpg,Healthy
H_58.jpg,Healthy
H_580.jpg,Healthy
H_581.jpg,Healthy
H_582.jpg,Healthy
H_583.jpg,Healthy
H_584.jpg,Healthy
H_585.jpg,Healthy
H_586.jpg,Healthy
H_587.jpg,Healthy
H_588.jpg,Healthy
H_589.jpg,Healthy
H_59.jpg,Healthy
H_590.jpg,Healthy
H_591.jpg,Healthy
H_592.jpg,Healthy
H_593.jpg,Healthy
H_594.jpg,Healthy
H_595.jpg,Healthy
H_596.jpg,Healthy
H_597.jpg,Healthy
H_598.jpg,Healthy
H_599.jpg,Healthy
H_6.jpg,Healthy
H_60.jpg,Healthy
H_600.jpg,Healthy
H_601.jpg,Healthy
H_602.jpg,Healthy
H_603.jpg,Healthy
H_604.jpg,Healthy
H_605.jpg,Healthy
H_606.jpg,Healthy
H_607.jpg,Healthy
H_608.jpg,Healthy
H_609.jpg,Healthy
H_61.jpg,Healthy
H_610.jpg,Healthy
H_611.jpg,Healthy
H_612.jpg,Healthy
H_613.jpg,Healthy
H_614.jpg,Healthy
H_615.jpg,Healthy
H_616.jpg,Healthy
H_617.jpg,Healthy
H_618.jpg,Healthy
H_619.jpg,Healthy
H_62.jpg,Healthy
H_620.jpg,Healthy
H_621.jpg,Healthy
H_622.jpg,Healthy
H_623.jpg,Healthy
H_624.jpg,Healthy
H_625.jpg,Healthy
H_626.jpg,Healthy
H_627.jpg,Healthy
H_628.jpg,Healthy
H_629.jpg,Healthy
H_63.jpg,Healthy
H_630.jpg,Healthy
H_631.jpg,Healthy
H_632.jpg,Healthy
H_633.jpg,Healthy
H_634.jpg,Healthy
H_635.jpg,Healthy
H_636.jpg,Healthy
H_637.jpg,Healthy
H_638.jpg,Healthy
H_639.jpg,Healthy
H_640.jpg,Healthy
H_641.jpg,Healthy
H_642.jpg,Healthy
H_643.jpg,Healthy
H_644.jpg,Healthy
H_645.jpg,Healthy
H_646.jpg,Healthy
H_647.jpg,Healthy
H_648.jpg,Healthy
H_649.jpg,Healthy
H_65.jpg,Healthy
H_650.jpg,Healthy
H_651.jpg,Healthy
H_652.jpg,Healthy
H_653.jpg,Healthy
H_654.jpg,Healthy
H_655.jpg,Healthy
H_656.jpg,Healthy
H_657.jpg,Healthy
H_658.jpg,Healthy
H_659.jpg,Healthy
H_66.jpg,Healthy
H_660.jpg,Healthy
H_661.jpg,Healthy
H_662.jpg,Healthy
H_663.jpg,Healthy
H_664.jpg,Healthy
H_665.jpg,Healthy
H_666.jpg,Healthy
H_667.jpg,Healthy
H_668.jpg,Healthy
H_669.jpg,Healthy
H_67.jpg,Healthy
H_670.jpg,Healthy
H_671.jpg,Healthy
H_672.jpg,Healthy
H_673.jpg,Healthy
H_674.jpg,Healthy
H_675.jpg,Healthy
H_676.jpg,Healthy
H_677.jpg,Healthy
H_678.jpg,Healthy
H_679.jpg,Healthy
H_68.jpg,Healthy
H_680.jpg,Healthy
H_681.jpg,Healthy
H_682.jpg,Healthy
H_683.jpg,Healthy
H_684.jpg,Healthy
H_685.jpg,Healthy
H_686.jpg,Healthy
H_687.jpg,Healthy
H_688.jpg,Healthy
H_689.jpg,Healthy
H_690.jpg,Healthy
H_691.jpg,Healthy
H_692.jpg,Healthy
H_693.jpg,Healthy
H_694.jpg,Healthy
H_695.jpg,Healthy
H_696.jpg,Healthy
H_697.jpg,Healthy
H_698.jpg,Healthy
H_699.jpg,Healthy
H_7.jpg,Healthy
H_70.jpg,Healthy
H_700.jpg,Healthy
H_701.jpg,Healthy
H_702.jpg,Healthy
H_703.jpg,Healthy
H_704.jpg,Healthy
H_705.jpg,Healthy
H_706.jpg,Healthy
H_707.jpg,Healthy
H_708.jpg,Healthy
H_709.jpg,Healthy
H_71.jpg,Healthy
H_710.jpg,Healthy
H_711.jpg,Healthy
H_712.jpg,Healthy
H_713.jpg,Healthy
H_714.jpg,Healthy
H_715.jpg,Healthy
H_716.jpg,Healthy
H_72.jpg,Healthy
H_73.jpg,Healthy
H_739.jpg,Healthy
H_74.jpg,Healthy
H_740.jpg,Healthy
H_741.jpg,Healthy
H_742.jpg,Healthy
H_743.jpg,Healthy
H_744.jpg,Healthy
H_745.jpg,Healthy
H_746.jpg,Healthy
H_747.jpg,Healthy
H_748.jpg,Healthy
H_749.jpg,Healthy
H_75.jpg,Healthy
H_750.jpg,Healthy
H_751.jpg,Healthy
H_752.jpg,Healthy
H_753.jpg,Healthy
H_754.jpg,Healthy
H_755.jpg,Healthy
H_756.jpg,Healthy
H_757.jpg,Healthy
H_758.jpg,Healthy
H_759.jpg,Healthy
H_76.jpg,Healthy
H_760.jpg,Healthy
H_761.jpg,Healthy
H_762.jpg,Healthy
H_763.jpg,Healthy
H_764.jpg,Healthy
H_765.jpg,Healthy
H_766.jpg,Healthy
H_767.jpg,Healthy
H_768.jpg,Healthy
H_769.jpg,Healthy
H_770.jpg,Healthy
H_771.jpg,Healthy
H_772.jpg,Healthy
H_773.jpg,Healthy
H_774.jpg,Healthy
H_775.jpg,Healthy
H_776.jpg,Healthy
H_777.jpg,Healthy
H_778.jpg,Healthy
H_779.jpg,Healthy
H_78.jpg,Healthy
H_780.jpg,Healthy
H_781.jpg,Healthy
H_782.jpg,Healthy
H_783.jpg,Healthy
H_784.jpg,Healthy
H_785.jpg,Healthy
H_786.jpg,Healthy
H_787.jpg,Healthy
H_788.jpg,Healthy
H_789.jpg,Healthy
H_79.jpg,Healthy
H_790.jpg,Healthy
H_791.jpg,Healthy
H_792.jpg,Healthy
H_793.jpg,Healthy
H_794.jpg,Healthy
H_795.jpg,Healthy
H_796.jpg,Healthy
H_797.jpg,Healthy
H_798.jpg,Healthy
H_799.jpg,Healthy
H_8.jpg,Healthy
H_800.jpg,Healthy
H_83.jpg,Healthy
H_85.jpg,Healthy
H_86.jpg,Healthy
H_87.jpg,Healthy
H_88.jpg,Healthy
H_89.jpg,Healthy
H_9.jpg,Healthy
H_90.jpg,Healthy
H_91.jpg,Healthy
H_92.jpg,Healthy
H_93.jpg,Healthy
H_94.jpg,Healthy
H_95.jpg,Healthy
H_96.jpg,Healthy
H_97.jpg,Healthy
H_98.jpg,Healthy
H_99.jpg,Healthy
S_10.jpg,Healthy
S_19.jpg,Healthy
S_2.jpg,Healthy
S_21.jpg,Healthy
S_22.jpg,Healthy
S_24.jpg,Healthy
S_25.jpg,Healthy
S_26.jpg,Healthy
S_27.jpg,Healthy
S_28.jpg,Healthy
S_30.jpg,Healthy
S_32.jpg,Healthy
S_33.jpg,Healthy
S_34.jpg,Healthy
S_37.jpg,Healthy
S_38.jpg,Healthy
S_41.jpg,Healthy
S_43.jpg,Healthy
S_44.jpg,Healthy
S_45.jpg,Healthy
S_46.jpg,Healthy
S_47.jpg,Healthy
S_48.jpg,Healthy
S_49.jpg,Healthy
S_51.jpg,Healthy
S_52.jpg,Healthy
S_54.jpg,Healthy
S_55.jpg,Healthy
S_58.jpg,Healthy
S_6.jpg,Healthy
S_61.jpg,Healthy
S_64.jpg,Healthy
S_66.jpg,Healthy
S_67.jpg,Healthy
S_68.jpg,Healthy
S_7.jpg,Healthy
S_72.jpg,Healthy
S_75.jpg,Healthy
S_8.jpg,Healthy
S_9.jpg,Healthy
S_1.jpg,Sick
S_102.jpg,Sick
S_103.jpg,Sick
S_104.jpg,Sick
S_105.jpg,Sick
S_106.jpg,Sick
S_107.jpg,Sick
S_108.jpg,Sick
S_109.jpg,Sick
S_110.jpg,Sick
S_111.jpg,Sick
S_112.jpg,Sick
S_113.jpg,Sick
S_114.jpg,Sick
S_115.jpg,Sick
S_116.jpg,Sick
S_117.jpg,Sick
S_118.jpg,Sick
S_119.jpg,Sick
S_12.jpg,Sick
S_120.jpg,Sick
S_121.jpg,Sick
S_122.jpg,Sick
S_123.jpg,Sick
S_124.jpg,Sick
S_125.jpg,Sick
S_126.jpg,Sick
S_127.jpg,Sick
S_128.jpg,Sick
S_129.jpg,Sick
S_13.jpg,Sick
S_131.jpg,Sick
S_132.jpg,Sick
S_133.jpg,Sick
S_134.jpg,Sick
S_135.jpg,Sick
S_139.jpg,Sick
S_14.jpg,Sick
S_141.jpg,Sick
S_142.jpg,Sick
S_144.jpg,Sick
S_145.jpg,Sick
S_146.jpg,Sick
S_147.jpg,Sick
S_148.jpg,Sick
S_149.jpg,Sick
S_15.jpg,Sick
S_150.jpg,Sick
S_151.jpg,Sick
S_152.jpg,Sick
S_153.jpg,Sick
S_155.jpg,Sick
S_156.jpg,Sick
S_157.jpg,Sick
S_158.jpg,Sick
S_159.jpg,Sick
S_16.jpg,Sick
S_160.jpg,Sick
S_161.jpg,Sick
S_162.jpg,Sick
S_163.jpg,Sick
S_164.jpg,Sick
S_165.jpg,Sick
S_166.jpg,Sick
S_167.jpg,Sick
S_168.jpg,Sick
S_169.jpg,Sick
S_17.jpg,Sick
S_170.jpg,Sick
S_171.jpg,Sick
S_172.jpg,Sick
S_173.jpg,Sick
S_174.jpg,Sick
S_175.jpg,Sick
S_176.jpg,Sick
S_177.jpg,Sick
S_178.jpg,Sick
S_179.jpg,Sick
S_18.jpg,Sick
S_180.jpg,Sick
S_181.jpg,Sick
S_182.jpg,Sick
S_183.jpg,Sick
S_184.jpg,Sick
S_185.jpg,Sick
S_186.jpg,Sick
S_187.jpg,Sick
S_188.jpg,Sick
S_189.jpg,Sick
S_19.jpg,Sick
S_190.jpg,Sick
S_191.jpg,Sick
S_192.jpg,Sick
S_193.jpg,Sick
S_194.jpg,Sick
S_195.jpg,Sick
S_196.jpg,Sick
S_197.jpg,Sick
S_198.jpg,Sick
S_199.jpg,Sick
S_2.jpg,Sick
S_20.jpg,Sick
S_200.jpg,Sick
S_201.jpg,Sick
S_202.jpg,Sick
S_203.jpg,Sick
S_204.jpg,Sick
S_205.jpg,Sick
S_206.jpg,Sick
S_207.jpg,Sick
S_208.jpg,Sick
S_209.jpg,Sick
S_21.jpg,Sick
S_210.jpg,Sick
S_211.jpg,Sick
S_212.jpg,Sick
S_213.jpg,Sick
S_214.jpg,Sick
S_215.jpg,Sick
S_216.jpg,Sick
S_217.jpg,Sick
S_218.jpg,Sick
S_219.jpg,Sick
S_22.jpg,Sick
S_220.jpg,Sick
S_221.jpg,Sick
S_222.jpg,Sick
S_223.jpg,Sick
S_224.jpg,Sick
S_225.jpg,Sick
S_226.jpg,Sick
S_227.jpg,Sick
S_228.jpg,Sick
S_229.jpg,Sick
S_23.jpg,Sick
S_230.jpg,Sick
S_231.jpg,Sick
S_232.jpg,Sick
S_233.jpg,Sick
S_234.jpg,Sick
S_235.jpg,Sick
S_236.jpg,Sick
S_237.jpg,Sick
S_238.jpg,Sick
S_239.jpg,Sick
S_24.jpg,Sick
S_240.jpg,Sick
S_241.jpg,Sick
S_242.jpg,Sick
S_243.jpg,Sick
S_244.jpg,Sick
S_245.jpg,Sick
S_246.jpg,Sick
S_247.jpg,Sick
S_248.jpg,Sick
S_249.jpg,Sick
S_25.jpg,Sick
S_250.jpg,Sick
S_251.jpg,Sick
S_252.jpg,Sick
S_253.jpg,Sick
S_254.jpg,Sick
S_255.jpg,Sick
S_256.jpg,Sick
S_257.jpg,Sick
S_258.jpg,Sick
S_259.jpg,Sick
S_26.jpg,Sick
S_261.jpg,Sick
S_262.jpg,Sick
S_263.jpg,Sick
S_264.jpg,Sick
S_265.jpg,Sick
S_266.jpg,Sick
S_267.jpg,Sick
S_268.jpg,Sick
S_269.jpg,Sick
S_27.jpg,Sick
S_270.jpg,Sick
S_271.jpg,Sick
S_272.jpg,Sick
S_273.jpg,Sick
S_274.jpg,Sick
S_275.jpg,Sick
S_276.jpg,Sick
S_277.jpg,Sick
S_278.jpg,Sick
S_279.jpg,Sick
S_28.jpg,Sick
S_280.jpg,Sick
S_281.jpg,Sick
S_282.jpg,Sick
S_283.jpg,Sick
S_284.jpg,Sick
S_285.jpg,Sick
S_286.jpg,Sick
S_287.jpg,Sick
S_288.jpg,Sick
S_289.jpg,Sick
S_29.jpg,Sick
S_290.jpg,Sick
S_291.jpg,Sick
S_292.jpg,Sick
S_293.jpg,Sick
S_294.jpg,Sick
S_295.jpg,Sick
S_296.jpg,Sick
S_297.jpg,Sick
S_298.jpg,Sick
S_299.jpg,Sick
S_30.jpg,Sick
S_300.jpg,Sick
S_301.jpg,Sick
S_302.jpg,Sick
S_303.jpg,Sick
S_304.jpg,Sick
S_305.jpg,Sick
S_306.jpg,Sick
S_307.jpg,Sick
S_308.jpg,Sick
S_309.jpg,Sick
S_31.jpg,Sick
S_310.jpg,Sick
S_311.jpg,Sick
S_312.jpg,Sick
S_313.jpg,Sick
S_314.jpg,Sick
S_315.jpg,Sick
S_316.jpg,Sick
S_317.jpg,Sick
S_318.jpg,Sick
S_319.jpg,Sick
S_32.jpg,Sick
S_320.jpg,Sick
S_321.jpg,Sick
S_322.jpg,Sick
S_323.jpg,Sick
S_324.jpg,Sick
S_325.jpg,Sick
S_326.jpg,Sick
S_327.jpg,Sick
S_328.jpg,Sick
S_329.jpg,Sick
S_33.jpg,Sick
S_330.jpg,Sick
S_331.jpg,Sick
S_332.jpg,Sick
S_333.jpg,Sick
S_334.jpg,Sick
S_335.jpg,Sick
S_336.jpg,Sick
S_337.jpg,Sick
S_338.jpg,Sick
S_339.jpg,Sick
S_34.jpg,Sick
S_340.jpg,Sick
S_341.jpg,Sick
S_342.jpg,Sick
S_343.jpg,Sick
S_344.jpg,Sick
S_345.jpg,Sick
S_346.jpg,Sick
S_347.jpg,Sick
S_348.jpg,Sick
S_349.jpg,Sick
S_35.jpg,Sick
S_350.jpg,Sick
S_351.jpg,Sick
S_352.jpg,Sick
S_353.jpg,Sick
S_354.jpg,Sick
S_355.jpg,Sick
S_356.jpg,Sick
S_357.jpg,Sick
S_358.jpg,Sick
S_359.jpg,Sick
S_36.jpg,Sick
S_360.jpg,Sick
S_361.jpg,Sick
S_362.jpg,Sick
S_363.jpg,Sick
S_364.jpg,Sick
S_365.jpg,Sick
S_366.jpg,Sick
S_367.jpg,Sick
S_368.jpg,Sick
S_369.jpg,Sick
S_37.jpg,Sick
S_370.jpg,Sick
S_371.jpg,Sick
S_372.jpg,Sick
S_373.jpg,Sick
S_374.jpg,Sick
S_375.jpg,Sick
S_376.jpg,Sick
S_377.jpg,Sick
S_378.jpg,Sick
S_379.jpg,Sick
S_38.jpg,Sick
S_380.jpg,Sick
S_381.jpg,Sick
S_382.jpg,Sick
S_383.jpg,Sick
S_384.jpg,Sick
S_385.jpg,Sick
S_386.jpg,Sick
S_387.jpg,Sick
S_388.jpg,Sick
S_389.jpg,Sick
S_39.jpg,Sick
S_390.jpg,Sick
S_391.jpg,Sick
S_392.jpg,Sick
S_393.jpg,Sick
S_394.jpg,Sick
S_395.jpg,Sick
S_396.jpg,Sick
S_397.jpg,Sick
S_398.jpg,Sick
S_399.jpg,Sick
S_40.jpg,Sick
S_400.jpg,Sick
S_404.jpg,Sick
S_405.jpg,Sick
S_406.jpg,Sick
S_407.jpg,Sick
S_408.jpg,Sick
S_41.jpg,Sick
S_410.jpg,Sick
S_412.jpg,Sick
S_414.jpg,Sick
S_415.jpg,Sick
S_416.jpg,Sick
S_417.jpg,Sick
S_418.jpg,Sick
S_42.jpg,Sick
S_420.jpg,Sick
S_421.jpg,Sick
S_424.jpg,Sick
S_426.jpg,Sick
S_427.jpg,Sick
S_43.jpg,Sick
S_430.jpg,Sick
S_44.jpg,Sick
S_441.jpg,Sick
S_442.jpg,Sick
S_443.jpg,Sick
S_444.jpg,Sick
S_445.jpg,Sick
S_446.jpg,Sick
S_447.jpg,Sick
S_448.jpg,Sick
S_449.jpg,Sick
S_45.jpg,Sick
S_450.jpg,Sick
S_451.jpg,Sick
S_452.jpg,Sick
S_453.jpg,Sick
S_454.jpg,Sick
S_455.jpg,Sick
S_456.jpg,Sick
S_457.jpg,Sick
S_458.jpg,Sick
S_459.jpg,Sick
S_46.jpg,Sick
S_460.jpg,Sick
S_461.jpg,Sick
S_462.jpg,Sick
S_463.jpg,Sick
S_464.jpg,Sick
S_465.jpg,Sick
S_466.jpg,Sick
S_467.jpg,Sick
S_468.jpg,Sick
S_469.jpg,Sick
S_47.jpg,Sick
S_470.jpg,Sick
S_471.jpg,Sick
S_472.jpg,Sick
S_473.jpg,Sick
S_474.jpg,Sick
S_475.jpg,Sick
S_476.jpg,Sick
S_477.jpg,Sick
S_478.jpg,Sick
S_479.jpg,Sick
S_48.jpg,Sick
S_480.jpg,Sick
S_481.jpg,Sick
S_482.jpg,Sick
S_483.jpg,Sick
S_485.jpg,Sick
S_486.jpg,Sick
S_487.jpg,Sick
S_488.jpg,Sick
S_489.jpg,Sick
S_49.jpg,Sick
S_490.jpg,Sick
S_491.jpg,Sick
S_492.jpg,Sick
S_493.jpg,Sick
S_494.jpg,Sick
S_495.jpg,Sick
S_496.jpg,Sick
S_497.jpg,Sick
S_498.jpg,Sick
S_499.jpg,Sick
S_50.jpg,Sick
S_500.jpg,Sick
S_501.jpg,Sick
S_502.jpg,Sick
S_503.jpg,Sick
S_504.jpg,Sick
S_51.jpg,Sick
S_52.jpg,Sick
S_526.jpg,Sick
S_527.jpg,Sick
S_528.jpg,Sick
S_529.jpg,Sick
S_53.jpg,Sick
S_530.jpg,Sick
S_531.jpg,Sick
S_532.jpg,Sick
S_533.jpg,Sick
S_534.jpg,Sick
S_535.jpg,Sick
S_536.jpg,Sick
S_537.jpg,Sick
S_538.jpg,Sick
S_539.jpg,Sick
S_54.jpg,Sick
S_540.jpg,Sick
S_541.jpg,Sick
S_542.jpg,Sick
S_543.jpg,Sick
S_544.jpg,Sick
S_545.jpg,Sick
S_546.jpg,Sick
S_547.jpg,Sick
S_548.jpg,Sick
S_549.jpg,Sick
S_55.jpg,Sick
S_550.jpg,Sick
S_551.jpg,Sick
S_552.jpg,Sick
S_553.jpg,Sick
S_554.jpg,Sick
S_555.jpg,Sick
S_556.jpg,Sick
S_557.jpg,Sick
S_558.jpg,Sick
S_559.jpg,Sick
S_56.jpg,Sick
S_560.jpg,Sick
S_561.jpg,Sick
S_562.jpg,Sick
S_563.jpg,Sick
S_564.jpg,Sick
S_565.jpg,Sick
S_566.jpg,Sick
S_567.jpg,Sick
S_568.jpg,Sick
S_569.jpg,Sick
S_57.jpg,Sick
S_570.jpg,Sick
S_571.jpg,Sick
S_572.jpg,Sick
S_573.jpg,Sick
S_574.jpg,Sick
S_575.jpg,Sick
S_576.jpg,Sick
S_577.jpg,Sick
S_578.jpg,Sick
S_579.jpg,Sick
S_58.jpg,Sick
S_580.jpg,Sick
S_581.jpg,Sick
S_582.jpg,Sick
S_583.jpg,Sick
S_584.jpg,Sick
S_585.jpg,Sick
S_586.jpg,Sick
S_587.jpg,Sick
S_588.jpg,Sick
S_589.jpg,Sick
S_59.jpg,Sick
S_590.jpg,Sick
S_591.jpg,Sick
S_592.jpg,Sick
S_593.jpg,Sick
S_594.jpg,Sick
S_595.jpg,Sick
S_596.jpg,Sick
S_597.jpg,Sick
S_598.jpg,Sick
S_599.jpg,Sick
S_60.jpg,Sick
S_600.jpg,Sick
S_601.jpg,Sick
S_602.jpg,Sick
S_603.jpg,Sick
S_604.jpg,Sick
S_605.jpg,Sick
S_606.jpg,Sick
S_607.jpg,Sick
S_608.jpg,Sick
S_609.jpg,Sick
S_61.jpg,Sick
S_610.jpg,Sick
S_611.jpg,Sick
S_612.jpg,Sick
S_614.jpg,Sick
S_615.jpg,Sick
S_616.jpg,Sick
S_617.jpg,Sick
S_619.jpg,Sick
S_62.jpg,Sick
S_620.jpg,Sick
S_621.jpg,Sick
S_622.jpg,Sick
S_623.jpg,Sick
S_624.jpg,Sick
S_625.jpg,Sick
S_626.jpg,Sick
S_627.jpg,Sick
S_628.jpg,Sick
S_63.jpg,Sick
S_630.jpg,Sick
S_631.jpg,Sick
S_632.jpg,Sick
S_633.jpg,Sick
S_634.jpg,Sick
S_635.jpg,Sick
S_636.jpg,Sick
S_637.jpg,Sick
S_638.jpg,Sick
S_639.jpg,Sick
S_64.jpg,Sick
S_640.jpg,Sick
S_641.jpg,Sick
S_642.jpg,Sick
S_644.jpg,Sick
S_645.jpg,Sick
S_646.jpg,Sick
S_647.jpg,Sick
S_648.jpg,Sick
S_649.jpg,Sick
S_65.jpg,Sick
S_650.jpg,Sick
S_651.jpg,Sick
S_652.jpg,Sick
S_653.jpg,Sick
S_654.jpg,Sick
S_655.jpg,Sick
S_656.jpg,Sick
S_657.jpg,Sick
S_658.jpg,Sick
S_659.jpg,Sick
S_66.jpg,Sick
S_660.jpg,Sick
S_661.jpg,Sick
S_662.jpg,Sick
S_663.jpg,Sick
S_664.jpg,Sick
S_665.jpg,Sick
S_666.jpg,Sick
S_667.jpg,Sick
S_668.jpg,Sick
S_669.jpg,Sick
S_67.jpg,Sick
S_670.jpg,Sick
S_671.jpg,Sick
S_672.jpg,Sick
S_673.jpg,Sick
S_674.jpg,Sick
S_675.jpg,Sick
S_676.jpg,Sick
S_677.jpg,Sick
S_678.jpg,Sick
S_679.jpg,Sick
S_68.jpg,Sick
S_680.jpg,Sick
S_681.jpg,Sick
S_682.jpg,Sick
S_683.jpg,Sick
S_684.jpg,Sick
S_685.jpg,Sick
S_686.jpg,Sick
S_687.jpg,Sick
S_688.jpg,Sick
S_689.jpg,Sick
S_69.jpg,Sick
S_690.jpg,Sick
S_691.jpg,Sick
S_692.jpg,Sick
S_693.jpg,Sick
S_694.jpg,Sick
S_695.jpg,Sick
S_696.jpg,Sick
S_697.jpg,Sick
S_698.jpg,Sick
S_699.jpg,Sick
S_70.jpg,Sick
S_700.jpg,Sick
S_701.jpg,Sick
S_702.jpg,Sick
S_703.jpg,Sick
S_704.jpg,Sick
S_705.jpg,Sick
S_706.jpg,Sick
S_707.jpg,Sick
S_708.jpg,Sick
S_709.jpg,Sick
S_71.jpg,Sick
S_710.jpg,Sick
S_711.jpg,Sick
S_712.jpg,Sick
S_713.jpg,Sick
S_714.jpg,Sick
S_715.jpg,Sick
S_716.jpg,Sick
S_717.jpg,Sick
S_718.jpg,Sick
S_719.jpg,Sick
S_72.jpg,Sick
S_720.jpg,Sick
S_721.jpg,Sick
S_722.jpg,Sick
S_723.jpg,Sick
S_724.jpg,Sick
S_725.jpg,Sick
S_726.jpg,Sick
S_727.jpg,Sick
S_728.jpg,Sick
S_73.jpg,Sick
S_74.jpg,Sick
S_75.jpg,Sick
S_750.jpg,Sick
S_751.jpg,Sick
S_752.jpg,Sick
S_753.jpg,Sick
S_754.jpg,Sick
S_755.jpg,Sick
S_756.jpg,Sick
S_757.jpg,Sick
S_758.jpg,Sick
S_759.jpg,Sick
S_76.jpg,Sick
S_760.jpg,Sick
S_761.jpg,Sick
S_762.jpg,Sick
S_763.jpg,Sick
S_765.jpg,Sick
S_766.jpg,Sick
S_767.jpg,Sick
S_768.jpg,Sick
S_769.jpg,Sick
S_77.jpg,Sick
S_770.jpg,Sick
S_771.jpg,Sick
S_772.jpg,Sick
S_774.jpg,Sick
S_775.jpg,Sick
S_776.jpg,Sick
S_777.jpg,Sick
S_778.jpg,Sick
S_779.jpg,Sick
S_78.jpg,Sick
S_780.jpg,Sick
S_781.jpg,Sick
S_782.jpg,Sick
S_783.jpg,Sick
S_785.jpg,Sick
S_786.jpg,Sick
S_787.jpg,Sick
S_788.jpg,Sick
S_789.jpg,Sick
S_79.jpg,Sick
S_790.jpg,Sick
S_791.jpg,Sick
S_792.jpg,Sick
S_793.jpg,Sick
S_794.jpg,Sick
S_795.jpg,Sick
S_796.jpg,Sick
S_797.jpg,Sick
S_798.jpg,Sick
S_799.jpg,Sick
S_80.jpg,Sick
S_800.jpg,Sick
S_81.jpg,Sick
S_82.jpg,Sick
S_83.jpg,Sick
S_85.jpg,Sick
S_87.jpg,Sick
S_88.jpg,Sick
S_89.jpg,Sick
S_90.jpg,Sick
S_91.jpg,Sick
S_92.jpg,Sick
S_93.jpg,Sick
S_94.jpg,Sick
S_95.jpg,Sick
S_96.jpg,Sick
